LP Slug,LP Name,EIN,Resolved Name,NTEE,State,Confidence,Top Candidates,Resolved Date,Notes
ford-foundation,Ford Foundation,131684331,Ford Foundation,T21,NY,confirmed,201641095|Foundation For Rocky Ford Schools|B112|CO;;131684331|Ford Foundation|T21|NY;;332457475|Ford Foundation||TX;;936026156|Ford Family Foundation|T50|OR;;954530031|Ford Theatre Foundation|A110|CA,2026-05-06,manual: real Ford Foundation NY (top hit was Rocky Ford Schools)
rockefeller-foundation,Rockefeller Foundation,131659629,Rockefeller Foundation,,NY,confirmed,131659629|Rockefeller Foundation||NY;;273156390|Rockefeller Foundation|T30|LA;;710285871|Winthrop Rockefeller Foundation||AR;;474946946|Rockfeller Foundation Inc|Q12|FL;;462261050|Peggy Mcgrath Rockefeller Foundation|T99|NY,2026-05-06,manual: real Rockefeller-NY (NTEE missing in PP)
gates-foundation,Bill & Melinda Gates Foundation,562618866,Gates Foundation,T22,WA,confirmed,562618866|Gates Foundation|T22|WA;;383453138|Gates Foundation|B82|MI;;911663695|Gates Foundation Trust|T20Z|WA;;301201296|Red Gates Foundation|T20|VA;;840474837|Gates Family Foundation||CO,2026-05-06,manual: BMGF operating entity (separate from Trust 911663695)
macarthur-foundation,MacArthur Foundation,237093598,John D & Catherine T Macarthur Foundation,T20Z,IL,confirmed,510214450|Roderick Macarthur Foundation||IL;;452474548|Stems Macarthur Foundation|T20|TN;;546037884|General Douglas Macarthur Foundation|A540|VA;;273141382|Macarthur Family Charitable Foundation|T22|NY;;474574639|Ellen Macarthur Foundation Usa Inc|B99|NY,2026-05-06,manual: verified via direct EIN lookup; not in search candidates
hewlett-foundation,Hewlett Foundation,941655673,William & Flora Hewlett Foundation,T21,CA,confirmed,941655673|William & Flora Hewlett Foundation|T21|CA;;475011215|Hewlett Packard Enterprise Foundation|T20|DC;;311590896|Hewlett Family Foundation Inc|T21|FL;;113120482|Peninsula Hewlett Kiwanis Foundation Inc||NY;;113458926|Hewlett Woodmere Educational Foundation Inc|B12|NY,2026-05-06,manual: William & Flora Hewlett Foundation
packard-foundation,David and Lucile Packard Foundation,942278431,David And Lucile Packard Foundation,T20,CA,confirmed,942278431|David And Lucile Packard Foundation|T20|CA,2026-05-06,exact-name + foundation-ntee (T20)
hilton-foundation,Conrad N. Hilton Foundation,943100217,Conrad N Hilton Foundation,T22,CA,confirmed,943100217|Conrad N Hilton Foundation|T22|CA,2026-05-06,exact-name + foundation-ntee (T22)
kellogg-foundation,W.K. Kellogg Foundation,381359264,W K Kellogg Foundation,T21,MI,confirmed,381359264|W K Kellogg Foundation|T21|MI;;383411520|Kellogg Community College Foundation|B82|MI;;136092448|J C Kellogg Foundation||NY;;461620270|Wabasha Kellogg Scholarship Foundation|B82|MN;;391775567|The Kellogg Family Foundation Inc||WI,2026-05-06,manual: W.K. Kellogg Foundation MI
skoll-foundation,Skoll Foundation,113659133,Skoll Foundation,T22,CA,confirmed,113659133|Skoll Foundation|T22|CA;;833990543|Hoop Skool Foundation Inc|B90|NY,2026-05-06,exact-name + foundation-ntee (T22)
surdna-foundation,Surdna Foundation,136108163,Surdna Foundation Inc,T22,NY,confirmed,136108163|Surdna Foundation Inc|T22|NY;;851830389|Surdaan Foundation|A12|TX;;850734193|Surdam Foundation|E60|WY;;873847485|Surata Foundation|T22|MI;;992532556|Suratna Foundation|S20|TX,2026-05-06,manual: Surdna Foundation NY
rwjf,Robert Wood Johnson Foundation,226029397,Robert Wood Johnson Foundation,T20,NJ,confirmed,226029397|Robert Wood Johnson Foundation|T20|NJ;;222405094|Robert Wood Johnson University Hospital Rahway Foundation||NJ;;222552329|Robert Wood Johnson University Hospital At Hamilton Foundation I|E22I|NJ,2026-05-06,exact-name + foundation-ntee (T20)
mcknight-foundation,McKnight Foundation,410754835,Mcknight Foundation,T21,MN,confirmed,410754835|Mcknight Foundation|T21|MN;;831936391|Mcknight Family Foundation|T20|DE;;223696496|Mcknight Foundation Inc|T22|NJ;;475241768|Mcknight Family Foundation||KS;;831070446|Mcknight Foundation Inc|O50|GA,2026-05-06,manual: McKnight Foundation MN
macp,Margaret A. Cargill Philanthropies,371758406,Margaret A Cargill Foundation,T20,MN,confirmed,812602972|Maca|T50|MO;;820616219|Macy Community Boosters Inc|S80|IN;;465681240|Macs Mission|P20|MO;;930894937|Macg Vision|X20B|OR;;383210177|Mack Alive|F20|MI,2026-05-06,"manual: fresh search via ""Margaret A Cargill Foundation"""
open-society-foundations,Open Society Foundations,263753801,Foundation To Promote Open Society,T22,NY,confirmed,273743368|Open Music Society Foundation||CA;;263753801|Foundation To Promote Open Society|T22|NY,2026-05-06,manual: Soros OSF files as Foundation To Promote Open Society
omidyar-network,Omidyar Network,201173866,Omidyar Network Fund Inc,T20,CA,confirmed,201173866|Omidyar Network Fund Inc|T20|CA,2026-05-06,manual: Omidyar Network Fund 501c3 arm
czi,Chan Zuckerberg Initiative,455002209,Chan Zuckerberg Initiative Foundation,T20,CA,confirmed,455002209|Chan Zuckerberg Initiative Foundation|T20|CA;;813742328|Chan Zuckerberg Initiative Advocacy|W12|CA,2026-05-06,manual: Chan Zuckerberg Initiative Foundation 501c3 arm
bloomberg-philanthropies,Bloomberg Philanthropies,205602483,Bloomberg Family Foundation Inc,T20,NY,confirmed,,2026-05-06,manual: Bloomberg Philanthropies files as Bloomberg Family Foundation Inc
yield-giving,Yield Giving,,,,,unresolved,463383293|Scott R Mackenzie Foundation Inc|T22|FL,2026-05-06,manual: MacKenzie Scott gifts directly via DAFs; no Yield Giving 501(c)(3) filing
bezos-earth-fund,Bezos Earth Fund,931868994,Bezos Earth Fund Foundation,C30,DC,confirmed,931868994|Bezos Earth Fund Foundation|C30|DC,2026-05-06,manual: Bezos Earth Fund Foundation
emerson-collective,Emerson Collective,,,,,unresolved,834583724|Collective Kingdom Impact Llc|T20|AL,2026-05-06,"manual: Emerson Collective is an LLC, not a 501(c)(3)"
ciff-us,Children's Investment Fund Foundation US,43632641,The Childrens Investment Fund Foundation,T20,CT,confirmed,,2026-05-06,manual: US affiliate of CIFF
visa-foundation,Visa Foundation,814503596,Visa Foundation,T21,CA,confirmed,814503596|Visa Foundation|T21|CA;;854325575|Visa Vel Foundation|C99|TX;;394748864|Go Visa Foundation Corp|B80|FL;;934581446|In Visa Foundation Inc|P84|CT;;800113235|Vista Foundation|B12|PA,2026-05-06,manual: Visa Foundation CA
citi-foundation,Citi Foundation,133781879,Citi Foundation,T21,NY,confirmed,133781879|Citi Foundation|T21|NY;;854271035|Cits Foundation|O50|NY;;203737531|Cita Foundation|P84|VA;;814319418|Citi Lyfe Foundation Inc|O50|FL;;362434562|Little City Foundation|P700|IL,2026-05-06,manual: Citi Foundation NY
jpmc-foundation,JPMorgan Chase Foundation,237049738,Jpmorgan Chase Foundation,,NY,confirmed,237049738|Jpmorgan Chase Foundation||NY;;726022876|Jpmorgan Chase Foundation Of Northwest Louisiana||IL,2026-05-06,exact-name (ntee=missing); only similar-name hit
bofa-foundation,Bank of America Foundation,200721133,Bank Of America Charitable Foundation Inc,T20,NC,confirmed,200721133|Bank Of America Charitable Foundation Inc|T20|NC;;204605486|Ban Foundation Of America Inc|O50|NY;;223664626|Jem Foundation Inc Us Trust Bank Of America||NJ;;46028058|American Optical Foundation||MA;;222751372|L G Balfour Foundation||TX,2026-05-06,manual: Bank of America Charitable Foundation
nuveen-tiaa-impact,Nuveen / TIAA Impact,,,,,unresolved,366069509|Nuveen Benevolent Trust||IL;;812661531|Nuven Foundation|T30|VA;;203168620|Nuview Youth Sports|N30|CA;;202186948|Nuview Community Scholarship Foundation|B82|CA;;204368319|Nuview Knights Athletics Boosterclub|N12|CA,2026-05-06,"manual: Nuveen/TIAA Impact is a corporate program, not a 501(c)(3)"
prudential-impact,Prudential Financial Impact Investments,,,,,unresolved,,2026-05-06,"manual: Prudential Financial Impact Investments is part of corporate, not a 501(c)(3) — separate from Prudential Foundation"
metlife-foundation,MetLife Foundation,132878224,Metlife Foundation,,NY,confirmed,132878224|Metlife Foundation||NY;;200157623|Dawn Busters Of Metaire Kiwanis Foundation Inc|B82|LA,2026-05-06,exact-name (ntee=missing); only similar-name hit
pfizer-foundation,Pfizer Foundation,136083839,Pfizer Foundation Inc,,NY,confirmed,136083839|Pfizer Foundation Inc||NY;;261437283|Pfizer Patient Assistance Foundation Inc|E12|NY;;464358193|Pfister Family Foundation|W99|CA;;205994513|M & I Pfister Foundation|T20|CA;;461619178|Louise Pfister Charitable Foundation Inc|T20|NY,2026-05-06,exact-name (ntee=missing); only similar-name hit
autodesk-foundation,Autodesk Foundation,611703255,Autodesk Foundation,T22,CA,confirmed,611703255|Autodesk Foundation|T22|CA;;392713258|Autoseek Foundation|C60|CA,2026-05-06,manual: Autodesk Foundation CA
patagonia-holdfast,Patagonia / Holdfast Collective,,,,,unresolved,993386191|Quintral Patagonia Inc|B11|NV;;272932569|Patagonia Regional Times Inc|B990|AZ;;860712952|Patagonia Community Association Inc||AZ;;800254197|Patagonia Community Radio Inc|A34|AZ;;822679455|Patagonia Community Garden Inc|C42|AZ,2026-05-06,"manual: Holdfast Collective is a 501(c)(4) advocacy entity, not a 501(c)(3)"
schmidt-family-foundation,Schmidt Family Foundation / 11th Hour Project,204170342,The Schmidt Family Foundation,B82,CA,confirmed,136808881|Schmidt Family Foundation||IL;;260742462|Schmidt Family Foundation|T22|TX;;204170342|The Schmidt Family Foundation|B82|CA;;610921414|Schmidt Family Foundation Inc|A540|FL;;208553555|Schmidt Family Star Foundation|T20|UT,2026-05-06,"manual: Eric Schmidt foundation, Palo Alto CA"
cisneros-foundation,Cisneros Foundation,872492348,Cisneros Foundation,B82,TX,confirmed,872492348|Cisneros Foundation|B82|TX;;830351114|Cisneros Childrens Foundation Inc|T22|FL;;273411484|Gilbert And Jacki Cisneros Foundation|T22|CA;;711051801|Cisneros Phelps Family Foundation Inc|A23|FL;;542081286|Cisneros Fontanals Foundation For The Arts|A99|FL,2026-05-06,exact-name (ntee=B82); only similar-name hit
cordes-foundation,Cordes Foundation,251926063,Cordes Foundation,T22,MD,confirmed,251926063|Cordes Foundation|T22|MD;;414529513|Cordes School Foundation|B24|CA;;462357895|Cords Foundation|I40|CA;;453362961|Cordis Foundation Inc|T20|CO;;660678912|Cortes Foundation Inc|Q33|RI,2026-05-06,manual: Cordes Foundation MD
helmsley-charitable-trust,Helmsley Charitable Trust,137184401,Leona M & Harry B Helmsley Charitable Trust,T20,NY,confirmed,556091766|Paul V Helsley Charitable Trust||WV;;137184401|Leona M & Harry B Helmsley Charitable Trust|T20|NY,2026-05-06,manual: real Helmsley NY (top hit was a different Helsley/Helmsley)
heron-foundation,Heron Foundation,133647019,F B Heron Foundation,,CT,confirmed,954581174|Heron Foundation|T99Z|CA;;273785123|Night Heron Foundation|T20|DE;;383482525|Heron Oaks Foundation|T20|OH;;412054373|Blue Heron Foundation|T22|CA;;874163063|Blue Heron Foundation|F12|TX,2026-05-06,manual: F.B. Heron Foundation (single hit on fresh search)
howard-g-buffett-foundation,Howard G. Buffett Foundation,470824756,Howard G Buffett Foundation,T99,IL,confirmed,470824756|Howard G Buffett Foundation|T99|IL;;357337145|Buffett Fam Foundation|T12|NE,2026-05-06,exact-name (ntee=T99); only similar-name hit
kl-felicitas-foundation,KL Felicitas Foundation,770539366,The Kl Felicitas Foundation,T22,CA,confirmed,770539366|The Kl Felicitas Foundation|T22|CA,2026-05-06,exact-name + foundation-ntee (T22)
lemelson-foundation,Lemelson Foundation,880391959,Lemelson Foundation,T20,OR,confirmed,880391959|Lemelson Foundation|T20|OR;;455079187|Dorothy Lemelson Foundation|T20|NV;;273423670|Robert Lemelson Foundation|T22|CA;;954774899|Robert Lemelson And Susan Morse Lemelson Family Foundation|T20|CA,2026-05-06,exact-name + foundation-ntee (T20)
novo-foundation,NoVo Foundation,470824753,Novo Foundation,T99,NY,confirmed,470824753|Novo Foundation|T99|NY;;990463018|Novo Scholarship Foundation||CA;;821435813|Novo Mundo Foundation|T30|NY;;331416299|Novo Warrior Foundation|W30|AL;;815239544|Novo Brothers Foundation Inc|O50|FL,2026-05-06,manual: Peter Buffett NoVo Foundation NY
patrick-j-mcgovern-foundation,Patrick J. McGovern Foundation,223021586,The Patrick J Mcgovern Foundation Inc,,MA,confirmed,223021586|The Patrick J Mcgovern Foundation Inc||MA,2026-05-06,exact-name (ntee=missing); only similar-name hit
russell-family-foundation,The Russell Family Foundation,911663336,The Russell Family Foundation,T22,WA,confirmed,911663336|The Russell Family Foundation|T22|WA;;311628325|The Russell E Browning Family Foundation Inc|T20|MO;;260641114|The Charles And Carolyn Russell Family Foundation|T20|MO;;347084133|The@Michael H And Lois J Russell Family Foundation|T22|AL,2026-05-06,exact-name + foundation-ntee (T22)
sorenson-impact-foundation,Sorenson Impact Foundation,453203840,Sorenson Impact Foundation,T22,UT,confirmed,453203840|Sorenson Impact Foundation|T22|UT,2026-05-06,exact-name + foundation-ntee (T22)
tara-health-foundation,Tara Health Foundation,465645300,Tara Health Foundation,T20,MN,confirmed,465645300|Tara Health Foundation|T20|MN;;300715681|Hearts & Courage Tara Troy Gambardella Foundation Inc|B82|CT,2026-05-06,exact-name + foundation-ntee (T20)
walton-family-foundation,Walton Family Foundation,133441466,Walton Family Foundation Inc,T20,AR,confirmed,472066714|Walton Family Foundation|T20|PA;;133441466|Walton Family Foundation Inc|T20|AR;;352086283|Walton Family Foundation Inc|T22|IN;;202613214|Walton Family Foundation Inc|T22|GA;;256568399|Walton Family Foundation Trust|T20Z|PA,2026-05-06,manual: real Walton Foundation Bentonville AR
dovetail-impact-foundation,Dovetail Impact Foundation,760324538,Dovetail Impact Foundation,,TX,confirmed,760324538|Dovetail Impact Foundation||TX,2026-05-06,exact-name (ntee=missing); only similar-name hit
draper-richards-kaplan-foundation,Draper Richards Kaplan Foundation,912172351,Draper Richards Kaplan Foundation,T23,CA,confirmed,912172351|Draper Richards Kaplan Foundation|T23|CA,2026-05-06,exact-name + foundation-ntee (T23)
ezrah-charitable-trust,The Ezrah Charitable Trust,812608588,The Ezrah Charitable Trust,T22,NC,confirmed,812608588|The Ezrah Charitable Trust|T22|NC,2026-05-06,exact-name + foundation-ntee (T22)
focusing-philanthropy,Focusing Philanthropy,452405071,Focusing Philanthropy Inc,T30,CA,confirmed,452405071|Focusing Philanthropy Inc|T30|CA,2026-05-06,exact-name + foundation-ntee (T30)
john-deere-foundation,John Deere Foundation,366051024,John Deere Foundation,,IL,confirmed,366051024|John Deere Foundation||IL,2026-05-06,exact-name (ntee=missing); only similar-name hit
mercy-investment-services,Mercy Investment Services,,,,,unresolved,,2026-05-06,manual: religious-order asset manager (Sisters of Mercy); not a 990 filer
osprey-foundation,Osprey Foundation,141862154,Osprey Foundation Inc,T22,MD,confirmed,364000368|Osprey Foundation|T22Z|IL;;364196989|Osprey Foundation|T22Z|FL;;141862154|Osprey Foundation Inc|T22|MD;;451071580|Osprey Relief Foundation||NC;;392042898|Osprey Foundation Inc|T20|IL,2026-05-06,manual: Baltimore Osprey Foundation
the-missionary-sisters-of-the-sacred-heart-of-jesus,The Missionary Sisters of the Sacred Heart of Jesus,132863648,Missionary Sisters Of The Sacred Heart Of Jesus,,NY,confirmed,132863648|Missionary Sisters Of The Sacred Heart Of Jesus||NY;;814974000|Missionary Sisters Of The Sacred Heart Of Jesus Holy Spirit Region||IL,2026-05-06,exact-name (ntee=missing); only similar-name hit
vanguard-charitable,Vanguard Charitable,232888152,Vanguard Charitable Endowment Program,T700,PA,confirmed,232888152|Vanguard Charitable Endowment Program|T700|PA;;270423850|Vanguard Vascular Charitable Foundation|G43|NJ,2026-05-06,exact-name (ntee=T700); only similar-name hit
whole-planet-foundation,Whole Planet Foundation,202376273,Whole Foods Market Foundation,S30,TX,confirmed,202376273|Whole Foods Market Foundation|S30|TX,2026-05-06,exact-name (ntee=S30); only similar-name hit
impactassets,ImpactAssets,262048480,Impactassets Inc,T70,MD,confirmed,262048480|Impactassets Inc|T70|MD,2026-05-06,exact-name (ntee=T70); only similar-name hit
the-dunn-family-charitable-foundation,The Dunn Family Charitable Foundation,453077366,The Dunn Family Charitable Foundation,T21,FL,confirmed,453077366|The Dunn Family Charitable Foundation|T21|FL,2026-05-06,exact-name + foundation-ntee (T21)
the-shapiro-family-foundation,The Shapiro Family Foundation,261372643,Shapiro Family Foundation,T22,NY,confirmed,202044185|The@Bernard And Rena Shapiro Family Foundation|T20|CA;;510581663|The Honey And Albert Shapiro Family Foundation|T20|CA;;954582899|Jewish Community Foundation Of The Jewish Federation Council Of Gla|T99Z|CA,2026-05-06,manual: top NY Shapiro Family Foundation T22 (best-effort match for KRIF backer)
nathan-cummings-foundation,Nathan Cummings Foundation,237093201,The Nathan Cummings Foundation Inc,T22,NY,confirmed,237093201|The Nathan Cummings Foundation Inc|T22|NY,2026-05-06,exact-name + foundation-ntee (T22)
paul-g-allen-family-foundation,Paul G. Allen Family Foundation,943082532,Allen Family Philanthropies,T20,WA,confirmed,943082532|Allen Family Philanthropies|T20|WA,2026-05-06,exact-name + foundation-ntee (T20)
